userId,followings
4262824098,724577223261351937
4262824098,715993272
4262824098,188219552
4262824098,3163419919
4262824098,2551440644
4262824098,734326074734055424
4262824098,743091452603817986
4262824098,726965897231880192
4262824098,420124862
4262824098,2936601780
4262824098,144728915
4262824098,3310344901
4262824098,96877126
4262824098,519292643
4262824098,729213036645339137
4262824098,4498378693
4262824098,3112070881
4262824098,2736428306
4262824098,327696779
4262824098,1964184468
4262824098,328872629
4262824098,103681236
4262824098,1425076837
4262824098,438904040
4262824098,2564324360
4262824098,2421885043
4262824098,2272943252
4262824098,701038908461621248
4262824098,322042954
4262824098,723521616081088514
4262824098,783214
4262824098,10228272
4262824098,216531294
4262824098,734679517466230784
4262824098,735448347419385857
4262824098,699480659442606080
4262824098,733942312053542913
4262824098,3514188073
4262824098,3157371595
4262824098,726871686465744896
4262824098,3184169546
4262824098,845449506
4262824098,3288843211
4262824098,259770262
4262824098,3321492943
4262824098,383617944
4262824098,2556618230
4262824098,982627483
4262824098,2585549934
4262824098,2690467814
4262824098,1247840208
4262824098,2267708503
4262824098,568871711
4262824098,2154665286
4262824098,1326570258
4262824098,1430980567
4262824098,3276677940
4262824098,2284971061
4262824098,3459884186
4262824098,3383992455
4262824098,247232425
4262824098,163030463
4262824098,2469822703
4262824098,852935629
4262824098,548970905
4262824098,278008312
4262824098,3230724732
4262824098,3085983005
4262824098,233049002
4262824098,3305267959
4262824098,4144012572
4262824098,3504585734
4262824098,524152200
4262824098,1687575427
4262824098,220564731
4262824098,2751371378
4262824098,2513386087
4262824098,597997012
4262824098,422709422
4262824098,775641973
4262824098,329100916
4262824098,369428016
4262824098,4736464374
4262824098,346929394
4262824098,1956254424
4262824098,2321803997
4262824098,381859619
4262824098,3016087017
4262824098,3006669386
4262824098,2477587788
4262824098,2989664028
4262824098,2468968898
4262824098,4464823880
4262824098,3317040746
4262824098,1667938410
4262824098,2924946528
4262824098,3268227384
4262824098,4420882219
4262824098,3067444538
4262824098,3282185924
4262824098,2993692928
4262824098,2443951508
4262824098,2934423981
4262824098,221443531
4262824098,1717747567
4262824098,1015063861
4262824098,2903821843
4262824098,4656527605
4262824098,1404923162
4262824098,2238715050
4262824098,2804997654
4262824098,286528299
4262824098,2794127497
4262824098,3324309560
4262824098,2392837519
4262824098,1570184054
4262824098,259541842
4262824098,4341296413
4262824098,1647040808
4262824098,2175992874
4262824098,2351247120
4262824098,316451262
4262824098,175584702
4262824098,279892525
4262824098,120178497
4262824098,158284325
4262824098,3765282740
4262824098,2960650896
4262824098,3284347483
4262824098,3131529752
4262824098,91779603
4262824098,753384457
4262824098,1321765501
4262824098,110936556
4262824098,701807263
4262824098,3981942198
4262824098,3178056096
4262824098,174266952
4262824098,637313893
4262824098,740216334
4262824098,189147831
4262824098,16870853
4262824098,3255540978
4262824098,3943964352
4262824098,1172150762
4262824098,2271056419
4262824098,1522671308
4262824098,373377957
4262824098,1521007254
4262824098,1966676738
4262824098,1528443511
4262824098,2283601008
4262824098,1524399318
4262824098,101961259
4262824098,2371772126
4262824098,1622681977
4262824098,2360239938
4262824098,249691608
4262824098,2347923320
4262824098,2230463420
4262824098,2302519958
4262824098,2423970631
4262824098,2350344806
4262824098,1493232829
4262824098,2554180621
4262824098,1487922504
4262824098,2851736185
4262824098,1493062188
4262824098,2791919088
4262824098,2782447574
4262824098,71231840
4262824098,2783585778
4262824098,2942672186
4262824098,2721325579
4262824098,79637446
4262824098,3084733453
4262824098,198714960
4262824098,2993366334
4262824098,167714082
4262824098,2850406627
4262824098,3049546716
4262824098,2562464496
4262824098,292166778
4262824098,1755083798
4262824098,3223965426
4262824098,3194278729
4262824098,149380402
4262824098,153657620
4262824098,547730737
4262824098,2497869638
4262824098,3123553514
4262824098,2202422389
4262824098,1119255331
4262824098,2299795460
4262824098,3162161238
4262824098,3246969265
4262824098,3490505413
4262824098,3292270170
4262824098,3175149420
4262824098,1042494678
4262824098,2514313141
4262824098,2920392169
4262824098,2835040896
4262824098,1638124141
4262824098,2355865298
4262824098,2711222918
4262824098,480220551
4262824098,280285413
4262824098,3039597967
4262824098,3869814858
4262824098,257626957
4262824098,3109244095
4262824098,128487133
4262824098,3968581632
4262824098,3747006194
4262824098,2916942254
4262824098,3405103754
4262824098,1604761980
4262824098,2200833618
4262824098,2946555096
4262824098,3315256028
4262824098,3193136708
4262824098,2912336186
4262824098,1591131403
4262824098,2761464558
4262824098,418488729
4262824098,3251971543
4262824098,4099960753
4262824098,3781766300
4262824098,3605620165
4262824098,3314042300
4262824098,3756375374
4262824098,2348668501
4262824098,3309301976
4262824098,2793192879
4262824098,3414370400
4262824098,1044690182
4262824098,2444814596
4262824098,135070475
4262824098,3283036130
4262824098,3123355651
4262824098,4180065134
4262824098,607072006
4262824098,1046478884
4262824098,562916373
4262824098,4184489173
4262824098,2812452085
4262824098,3788747961
4262824098,4245220227
4262824098,198821708
4262824098,2912390252
4262824098,2157076754
4262824098,1697240688
4262824098,2950368511
4262824098,2765201402
4262824098,2438727422
4262824098,1880099558
4262824098,1510726052
4262824098,2829953412
4262824098,2488640011
4262824098,89861409
4262824098,2898477852
4262824098,3070988401
4262824098,2366214054
4262824098,193613106
4262824098,176439171
4262824098,622777464
4262824098,1942408357
4262824098,2556400231
4262824098,1890746246
4262824098,1459223742
4262824098,3415120153
4262824098,2402418018
4262824098,2232667278
4262824098,1563985212
4262824098,2280834240
4262824098,285525483
4262824098,2357400450
4262824098,2472336674
4262824098,393229439
4262824098,2538349890
4262824098,2731019059
4262824098,2664617785
4262824098,476675010
4262824098,2669946973
4262824098,1512805332
4262824098,1527979045
4262824098,1499810161
4262824098,1693423315
4262824098,434684604
4262824098,1525053674
4262824098,2218679406
4262824098,27260086
4262824098,264127693
4262824098,1878450026
4262824098,1513854438
4262824098,157513306
4262824098,2296563338
4262824098,1466520001
4262824098,623590874
4262824098,3759436333
4262824098,15341295
4262824098,466870004
4262824098,14252356
4262824098,2834019942
4262824098,1493643932
4262824098,168683422
4262824098,165033159
4262824098,2683169827
4262824098,2501136230
4262824098,140517096
4262824098,1504614494
4262824098,128479879
4262824098,1625107340
4262824098,111560522
4262824098,167782783
4262824098,2201635304
4262824098,196947908
4262824098,1510583168
4262824098,287038288
4262824098,2725601281
4262824098,918879607
4262824098,2394062797
4262824098,306117926
4262824098,381452300
4262824098,2721160826
4262824098,301882554
4262824098,3178613118
4262824098,3734427134
4262824098,517295819
4262824098,2341902444
4262824098,2185553887
4262824098,1387688922
4262824098,461816357
4262824098,3105639337
4262824098,2759162723
4262824098,838388383
4262824098,621025289
4262824098,3320071904
4262824098,2264345316
4262824098,3311510052
4262824098,2719078476
4262824098,1659665096
4262824098,2515894147
4262824098,1582411400
4262824098,2893388017
4262824098,3192899761
4262824098,1519710043
4262824098,1527688350
4262824098,3826835532
4262824098,1219803228
4262824098,118687980
4262824098,1252151736
4262824098,3227669857
4262824098,3187360837
4262824098,1919941880
4262824098,2887583856
4262824098,1500103668
4262824098,1522624267
4262824098,1173787748
4262824098,2322299114
4262824098,1402988305
4262824098,1162231549
4262824098,573299587
4262824098,3171777044
4262824098,2714875345
4262824098,1716040580
4262824098,1605833881
4262824098,342626720
4262824098,1429480158
4262824098,2391232105
4262824098,2377210370
4262824098,2266020871
4262824098,1904430714
4262824098,2942454486
4262824098,797615034
4262824098,2213116886
4262824098,1122337746
4262824098,2294369533
4262824098,274272590
4262824098,1466800782
4262824098,2841534002
4262824098,2437110157
4262824098,2991330631
4262824098,2442915950
4262824098,1698145267
4262824098,2261722358
4262824098,1122445868
4262824098,2587837026
4262824098,2271865489
4262824098,2183987364
4262824098,1409798257
4262824098,335141638
4262824098,1510312981
4262824098,1598666108
4839025367,2157260838
4839025367,702362387555475456
4839025367,745658549502631936
4839025367,702813796805562368
4839025367,129846753
4839025367,2243486128
4839025367,711540857044901889
4839025367,729284838939865090
4839025367,4488680001
4839025367,4469452817
4839025367,728091753891258368
4839025367,495008453
4839025367,2592094790
4839025367,716709912768806912
4839025367,716703481306955776
4839025367,716702945023303681
4839025367,716206270651478016
4839025367,716208257866588160
4839025367,4848581879
4839025367,942877014
4839025367,710124904922873856
4839025367,4795438277
4839025367,3427606572
4839025367,4786023856
4839025367,4835889628
4839025367,710122994098696192
4839025367,3956837433
4839025367,2610027806
4839025367,3463067713
4839025367,3317445096
4839025367,711211830505512961
4839025367,711208437980516352
4839025367,710120385933676544
4839025367,360109762
4839025367,2871011472
4839025367,4859540255
4839025367,930049525
4839025367,57873387
4839025367,4867002875
4839025367,4867117096
4839025367,4867088411
4839025367,4437354317
4839025367,3141349591
4839025367,531854501
4839025367,2915595518
4839025367,4838973359
4839025367,3197781594
4839025367,4594178656
4839025367,3359167272
4839025367,615983648
4839025367,132385468
4839025367,286042531
4839025367,800999720
4839025367,101311381
4839025367,624896628
4839025367,104141949
4839025367,589921934
4839025367,136932734
4839025367,256556724
4839025367,339040963
4839025367,505196587
4839025367,94628304
4839025367,453507741
4839025367,586676541
4839025367,223080656
4839025367,39927901
4839025367,903495284
4839025367,1052586019
4839025367,213539531
4839025367,304596131
4839025367,450504440
4839025367,300162606
4839025367,84352985
4839025367,298959564
4839025367,56650317
4839025367,88856792
4839025367,127483019
4839025367,1041453240
4839025367,81048495
4839025367,130159846
4839025367,54610518
4839025367,434071161
4839025367,97537762
4839025367,481156800
4839025367,452830010
4839025367,577459091
4839025367,122453931
4839025367,210792232
4839025367,127059347
740420802861015041,4844918966
740420802861015041,752705020366295042
740420802861015041,739203184896311296
740420802861015041,737220139209232384
740420802861015041,2897297365
740420802861015041,712893650003320833
740420802861015041,744373095331434496
740420802861015041,3133610594
740420802861015041,2677257811
740420802861015041,752348778422603777
740420802861015041,3253337828
740420802861015041,713608801392275456
740420802861015041,751638706650378240
740420802861015041,752317612474789888
740420802861015041,752304215146455040
740420802861015041,752310684680003584
740420802861015041,748911433933619200
740420802861015041,740840253297164288
740420802861015041,752282724434481153
740420802861015041,752223750402244608
740420802861015041,721528642925240320
740420802861015041,749697189421674496
740420802861015041,752188829507784705
740420802861015041,3397832391
740420802861015041,711027230596407297
740420802861015041,752048761258467328
740420802861015041,727630099575648257
740420802861015041,752047227074408448
740420802861015041,738454758571147264
740420802861015041,752042631278895104
740420802861015041,704962795385675776
740420802861015041,751856934026747904
740420802861015041,743375272540397569
740420802861015041,752019486807515136
740420802861015041,735235763315445761
740420802861015041,747547396280713217
740420802861015041,751923235101421568
740420802861015041,727993600181608448
740420802861015041,751917383372136448
740420802861015041,751863278586826752
740420802861015041,4343241016
740420802861015041,2593091372
740420802861015041,751707999803088896
740420802861015041,729995502658297857
740420802861015041,751428851373342720
740420802861015041,751679055628365824
740420802861015041,751681783066947584
740420802861015041,4841753451
740420802861015041,751658716466864128
740420802861015041,741511429287596032
740420802861015041,751607350444732417
740420802861015041,720194094333448192
740420802861015041,740186776564682752
740420802861015041,751196351216685057
740420802861015041,749651914619367424
740420802861015041,748843652970012672
740420802861015041,728344230452707333
740420802861015041,751133657755037696
740420802861015041,751023380141314048
740420802861015041,746814424917250048
740420802861015041,751368998554599424
740420802861015041,751370318212632576
740420802861015041,751359616328540161
740420802861015041,751424999462825984
740420802861015041,749298397123842049
740420802861015041,751498503529136128
740420802861015041,742474726602334209
740420802861015041,731438045153624064
740420802861015041,751525506068189184
740420802861015041,751251720856965120
740420802861015041,751253077663948801
740420802861015041,751255775440310272
740420802861015041,3092718360
740420802861015041,736686302045802496
740420802861015041,748518026421501952
740420802861015041,731298259130417152
740420802861015041,751137513293701120
740420802861015041,751172104456794112
740420802861015041,751174183103504384
740420802861015041,751158671107694593
740420802861015041,2728717954
740420802861015041,746032685181771776
740420802861015041,751178572950216704
740420802861015041,751176382101778432
740420802861015041,724800260267077632
740420802861015041,738922166415167488
740420802861015041,720047850428710912
740420802861015041,4833711607
740420802861015041,750895529131925506
740420802861015041,3004998686
740420802861015041,751182129422368770
740420802861015041,751183096104574976
740420802861015041,3271364234
740420802861015041,751189655031197696
740420802861015041,4061239573
740420802861015041,748663037960327168
740420802861015041,749393013990916096
740420802861015041,4717313714
740420802861015041,749402179488718848
2937750926,4720534820
2937750926,1259506039
2937750926,2968304016
2937750926,302744811
2937750926,54336815
2937750926,544930779
2937750926,19611483
2937750926,10126672
2937750926,848559972
2937750926,2329759609
2937750926,743231559151476736
2937750926,713697986325270528
2937750926,61047667
2937750926,2148160825
2937750926,283986731
2937750926,611381651
2937750926,3044905327
2937750926,3347820525
2937750926,2417681420
2937750926,289411293
2937750926,1658385236
2937750926,2584392324
2937750926,711590108772716544
2937750926,560643402
2937750926,1031584123
2937750926,4864348969
2937750926,282902136
2937750926,3478602852
2937750926,2267729769
2937750926,222330602
2937750926,46047745
2937750926,725550235
2937750926,2967085612
2937750926,2807858331
2937750926,3242554800
2937750926,2283942150
2937750926,2548714770
2937750926,193443021
2937750926,250780107
2937750926,206541776
2937750926,195494052
2937750926,514074455
2937750926,3276627002
2937750926,2225776100
2937750926,702905353449709568
2937750926,2583673248
2937750926,353029369
2937750926,260114837
2937750926,4746412075
2937750926,4722432132
2937750926,1671396127
2937750926,4024073199
2937750926,2429481427
2937750926,64571585
2937750926,3399224657
2937750926,91667882
2937750926,186331424
2937750926,460810074
2937750926,2234457918
2937750926,606737400
2937750926,2800436557
2937750926,2804332173
2937750926,2466467903
2937750926,3986367138
2937750926,270888780
2937750926,2989126925
2937750926,1184754408
2937750926,3866837659
2937750926,3238344218
2937750926,16129106
2937750926,3790401433
2937750926,42070937
2937750926,2932195373
2937750926,3588360744
2937750926,2398119129
2937750926,1615981292
2937750926,3116288496
2937750926,91860771
2937750926,2581911891
2937750926,2222815152
2937750926,3331792693
2937750926,19426551
2937750926,3265753704
2937750926,8775672
2937750926,2298831126
2937750926,112349376
2937750926,3299903543
2937750926,2542207489
2937750926,1166108222
2937750926,3238180995
2937750926,577347071
2937750926,2479351807
2937750926,350756567
2937750926,3058234973
2937750926,3036270090
2937750926,3020550536
2937750926,2184354129
2937750926,586671909
2937750926,2886705479
2937750926,101850427
2937750926,82647371
2937750926,2218763635
2937750926,2694075841
2937750926,3025423246
2937750926,635044935
2937750926,2536566208
2937750926,2990829917
2937750926,39615521
2937750926,2402491722
2937750926,2908686774
2937750926,555773764
2937750926,146636248
2937750926,949062824
2937750926,590277854
2937750926,2279416326
2937750926,356627190
2937750926,1090802396
2937750926,2594083627
2937750926,2418800427
2937750926,2480109469
2937750926,344891446
2937750926,1689267644
2937750926,14629315
2937750926,329418923
2937750926,1352586948
2937750926,160020213
2937750926,2879292957
2937750926,973193142
2937750926,2237117551
2937750926,2326096777
2937750926,106326797
2937750926,1164853854
2937750926,25488627
2937750926,2735072517
2937750926,120270510
2937750926,275442883
2937750926,2265700009
2937750926,62115052
2937750926,135693687
2937750926,163286414
2937750926,170090657
2937750926,977227868
2937750926,2728551676
2937750926,109962153
2937750926,1301617274
2937750926,91836598
2937750926,2171394373
2937750926,983966876
2937750926,352918159
2937750926,255831523
2937750926,2891716905
2937750926,1043738444
2937750926,2818126786
2937750926,1414269444
2937750926,1654842276
2937750926,2584522964
2937750926,253180590
2937750926,2387457770
2937750926,153949629
2937750926,2331179850
2937750926,519637536
2937750926,158813457
2937750926,2316586202
2937750926,1850453190
2937750926,152317328
2937750926,162673218
2937750926,261476410
2937750926,189306788
2937750926,429489242
2937750926,1097151620
2937750926,1411939201
2937750926,2171081366
2937750926,1929570134
2937750926,1104299438
2937750926,212785908
2937750926,2709395386
2937750926,69553152
2937750926,1861908060
2937750926,285843735
2937750926,579532592
2937750926,1108310642
2937750926,1423637359
2937750926,2357345780
2937750926,1804333916
2937750926,516254217
2937750926,326416297
2937750926,1107623071
2937750926,1458817993
2937750926,2260608740
2937750926,2694301118
2937750926,2354237882
2937750926,283205652
2937750926,2290648075
2937750926,1556870790
2937750926,230639782
2937750926,1352838506
2937750926,1492108340
2937750926,2887616214
2937750926,239275538
2937750926,1669987711
2937750926,552223020
2937750926,1250809634
2937750926,2277102571
2937750926,2729116581
2937750926,2389875696
2937750926,236629430
2937750926,2339751186
2937750926,2916369941
2937750926,2258530417
2937750926,453395940
2937750926,2270007744
2937750926,2226248330
2937750926,1265058702
2937750926,2291937181
2937750926,2300730097
2937750926,192799257
2937750926,2334561091
2937750926,2565589781
2937750926,120556184
2937750926,2736682758
2937750926,1113443628
2937750926,2854168065
2937750926,2733505020
2937750926,132042313
2937750926,562392641
2937750926,2437178994
2937750926,247572872
2937750926,386378116
2937750926,2311556930
2937750926,207267651
2937750926,609484084
2937750926,158591674
2937750926,1591608440
2937750926,2229315211
2937750926,596454073
2937750926,1260129841
2937750926,1556807540
2937750926,2784808260
2937750926,1730637715
2937750926,1347792024
2937750926,1624739676
2937750926,616926370
2937750926,181089273
2937750926,229149380
2937750926,909526794
2937750926,98295523
2937750926,813286
2937750926,1312461793
2937750926,1478856883
2937750926,178242618
2937750926,1966096250
2937750926,317306629
2937750926,2568339451
752037813558743040,4414308554
752037813558743040,2916590951
752037813558743040,86876958
752037813558743040,327019649
752037813558743040,327014098
752037813558743040,4884961587
752037813558743040,16409285
752037813558743040,2458256605
752037813558743040,31672638
752037813558743040,33434326
752037813558743040,986235307
752037813558743040,25460615
752037813558743040,328049243
752037813558743040,218167872
752037813558743040,395192468
752037813558743040,393987775
752037813558743040,501973262
752037813558743040,314864509
752037813558743040,2666839646
752037813558743040,228079384
752037813558743040,109009420
752037813558743040,16941646
752037813558743040,31949107
752037813558743040,48785884
752037813558743040,61083773
752037813558743040,15515656
752037813558743040,1416339126
752037813558743040,340635228
752037813558743040,277185371
752037813558743040,1451940956
752037813558743040,35985504
752037813558743040,1122732866
752037813558743040,770054797
752037813558743040,1063540297
752037813558743040,940280202
752037813558743040,904490760
752037813558743040,2192706073
752037813558743040,232386596
752037813558743040,752362084818522112
752037813558743040,2339282436
752037813558743040,29903518
752037813558743040,10505322
752037813558743040,14163748
752037813558743040,14163722
752037813558743040,4640400854
752037813558743040,95530663
752037813558743040,90202078
752037813558743040,38259087
752037813558743040,61056623
752037813558743040,133189408
752037813558743040,185933542
752037813558743040,1079108184
752037813558743040,384685037
752037813558743040,262388975
752037813558743040,339336382
752037813558743040,787110116
752037813558743040,22479281
752037813558743040,552121630
752037813558743040,1137161258
752037813558743040,278434573
752037813558743040,21479907
752037813558743040,298320111
752037813558743040,2473430923
752037813558743040,47786101
752037813558743040,580097412
752037813558743040,36947388
3956837433,2157260838
3956837433,702362387555475456
3956837433,1346575152
3956837433,2277893491
3956837433,2796406100
3956837433,745658549502631936
3956837433,3311617045
3956837433,702813796805562368
3956837433,129846753
3956837433,2243486128
3956837433,116198230
3956837433,711540857044901889
3956837433,729284838939865090
3956837433,4488680001
3956837433,4469452817
3956837433,728091753891258368
3956837433,3445036994
3956837433,495008453
3956837433,2592094790
3956837433,3330021634
3956837433,716709912768806912
3956837433,716703481306955776
3956837433,716702945023303681
3956837433,2728963622
3956837433,716206270651478016
3956837433,716208257866588160
3956837433,233156511
3956837433,710124904922873856
3956837433,3427606572
3956837433,710122994098696192
3956837433,2610027806
3956837433,711211830505512961
3956837433,711208437980516352
3956837433,710120385933676544
3956837433,2871011472
3956837433,4859540255
3956837433,930049525
3956837433,57873387
3956837433,3316703598
3956837433,152237590
3956837433,4867002875
3956837433,4867117096
3956837433,4867088411
3956837433,2766204277
3956837433,2896104038
3956837433,531854501
3956837433,1117960212
3956837433,4838973359
3956837433,4839025367
3956837433,4594178656
3956837433,198160280
3956837433,1094627905
3956837433,4835889628
3956837433,967836242
3956837433,1034086622
3956837433,2835527170
3956837433,4760341997
3956837433,3299533674
3956837433,4792074741
3956837433,4199776276
3956837433,3143248970
3956837433,2543118300
3956837433,4793290413
3956837433,4742843369
3956837433,4777850331
3956837433,4794921141
3956837433,2254552767
3956837433,4796565995
3956837433,4785479565
3956837433,4703617757
3956837433,3002960564
3956837433,4762715069
3956837433,4789864887
3956837433,1653988068
3956837433,4730253795
3956837433,4763325608
3956837433,3967613653
3956837433,2744625971
3956837433,3039899252
3956837433,4808325317
3956837433,4746987087
3956837433,4818361437
3956837433,3021213920
3956837433,221634119
3956837433,4271051362
3956837433,4171493187
3956837433,4688907392
3956837433,4766960196
3956837433,4448778793
3956837433,4330122929
3956837433,395451091
3956837433,2919740322
3956837433,4624009822
3956837433,3048109646
3956837433,4823291794
3956837433,4823114133
3956837433,4811416959
3956837433,4762312813
3956837433,4821321057
3956837433,4826179041
3956837433,4791118067
3956837433,3338056977
3956837433,4364326636
3956837433,545700357
3956837433,2157320844
3956837433,4826789133
3956837433,4823848144
3956837433,2807578139
3956837433,3322075321
3956837433,3012649609
3956837433,1933042237
3956837433,4779846495
3956837433,4743611355
3956837433,3426242233
3956837433,4612935981
3956837433,4759869568
3956837433,1156489574
3956837433,4821630485
3956837433,2759614248
3956837433,772156602
3956837433,4822900300
3956837433,4809878775
3956837433,2866261043
3956837433,4824610192
3956837433,4739588135
3956837433,4633825216
3956837433,1479524240
3956837433,3255321236
3956837433,3304152830
3956837433,3864407183
3956837433,3964081575
3956837433,461832025
3956837433,2490001722
3956837433,277791535
3956837433,1509796645
3956837433,4430638900
3956837433,4576780935
3956837433,1452076429
3956837433,4561607243
3956837433,142033532
3956837433,2588948750
3956837433,80285619
3956837433,142386041
3956837433,136848034
3956837433,1701592315
3956837433,3739498577
3956837433,4734715345
3956837433,1354903404
3956837433,2345495917
3956837433,2184165865
3956837433,2458343690
3956837433,4243637422
3956837433,4532717199
3956837433,2332032366
3956837433,2913576150
3956837433,3792054741
3956837433,892704902
3956837433,2383422008
3956837433,1664618580
3956837433,3197781594
3956837433,1216063614
3956837433,583051261
3956837433,4357832056
3956837433,4733432476
3956837433,4734808523
3956837433,4715052395
3956837433,4736581965
3956837433,1020260725
3956837433,4744320333
3956837433,4715188168
3956837433,3249706747
3956837433,4744856302
3956837433,4715230835
3956837433,4760930361
3956837433,4704264566
3956837433,4307356577
3956837433,4715108002
3956837433,4765410034
3956837433,4312196537
3956837433,4267157782
3956837433,4777725700
3956837433,1530456884
3956837433,2959349732
3956837433,602874882
3956837433,4793522115
3956837433,4381142778
3956837433,4331363069
3956837433,2794916622
3956837433,4803101195
3956837433,4737121049
3956837433,60860468
3956837433,4759735392
3956837433,4806864273
3956837433,3596683522
3956837433,4811615728
3956837433,2365814438
3956837433,866595805
3956837433,4714975937
3956837433,4817964070
3956837433,4817891829
3956837433,4817946849
3956837433,4817949581
3956837433,317279749
3956837433,2832243452
3956837433,4243145230
3956837433,4818573005
3956837433,4767430807
3956837433,4001048673
3956837433,906029396
3956837433,4820518510
3956837433,4768527158
3956837433,1163864586
3956837433,4821492994
3956837433,3317458776
3956837433,131106690
3956837433,3351790155
3956837433,4156923682
3956837433,3260453498
3956837433,857697979
3956837433,3151190999
3956837433,4815917271
3956837433,3239656353
3956837433,425828946
3956837433,1003957664
3956837433,4303546935
3956837433,2486999485
3956837433,2751546085
3956837433,2851578681
3956837433,410542119
3956837433,2301395382
3956837433,4276167556
3956837433,2724631598
3956837433,3467548392
3956837433,558837523
3956837433,1467186984
3956837433,1395323972
3956837433,4617486795
3956837433,4820275978
3956837433,258916525
3956837433,1306929954
3956837433,3325766281
3956837433,4818107471
3956837433,4818073425
3956837433,4818151283
3956837433,4818162377
3956837433,4786069001
3956837433,4818181679
3956837433,3139748352
3956837433,4458773561
3956837433,218801563
3956837433,4263363435
3956837433,258043117
3956837433,4436095221
3956837433,3953709556
3956837433,4753405103
3956837433,4753332075
3956837433,4756184602
3956837433,4753250961
3956837433,1270771711
3956837433,4699604083
3956837433,4657500095
3956837433,4491906563
3956837433,4753401268
3956837433,4742263840
3956837433,2917924459
3956837433,4371436756
3956837433,4738321756
3956837433,4750491856
3956837433,3518252294
3956837433,1715381454
3956837433,4722764656
3956837433,2850133147
3956837433,4753269201
3956837433,4044251535
3956837433,3099317732
3956837433,4747635562
3956837433,4771834877
3956837433,4096130266
3956837433,4644440249
3956837433,4319862395
3956837433,2761418322
3956837433,4743584533
3956837433,3919835986
3956837433,4766780362
3956837433,4753500502
3956837433,2508413337
3956837433,2546565217
3956837433,4630381048
3956837433,4433953097
3956837433,4752855197
3956837433,4781416546
3956837433,2766178669
3956837433,603735484
3956837433,437370785
3956837433,439201843
3956837433,4754686156
3956837433,4754664796
3956837433,3510694769
3956837433,4694730860
3956837433,4780303336
3956837433,570027187
3956837433,4202641738
3956837433,4754703148
3956837433,4700911519
3956837433,4705744665
3956837433,4754755162
3956837433,145512570
3956837433,4779781343
3956837433,75557280
3956837433,4754721867
3956837433,4640621843
3956837433,4762547427
3956837433,4761234387
3956837433,4754790287
3956837433,4105748015
3956837433,4754805329
3956837433,4776837917
3956837433,4754837141
3956837433,4603141539
3956837433,4754803635
3956837433,4777770149
3956837433,4784892334
3956837433,4755012496
3956837433,4771401513
3956837433,2909362758
3956837433,4774724501
3956837433,4754823423
3956837433,88481422
3956837433,3303950101
3956837433,3303061368
3956837433,4529215359
3956837433,4191754701
3956837433,4747876774
3956837433,4754954421
3956837433,3236915831
3956837433,4754935289
3956837433,2230056535
3956837433,4783575675
3956837433,4779813202
3956837433,1682420012
3956837433,3877212519
3956837433,4376001862
3956837433,4754962583
3956837433,4715313207
3956837433,4772898081
3956837433,4217666009
3956837433,2585901541
3956837433,1849684506
3956837433,4754918543
3956837433,4778951296
3956837433,4697618552
3956837433,3884433732
3956837433,4793196273
3956837433,4755119236
3956837433,2752389967
3956837433,3224128386
3956837433,3270331784
3956837433,4786550327
3956837433,4352614995
3956837433,4754968287
3956837433,4645926442
3956837433,4752232272
3956837433,4468928475
3956837433,4754145640
3956837433,4717565361
3956837433,4793621001
3956837433,4749057156
3956837433,3426735838
3956837433,3274048453
3956837433,4507626448
3956837433,637247040
3956837433,4110674955
3956837433,497570414
3956837433,315527079
3956837433,4781307454
3956837433,3230062592
3956837433,2543375840
3956837433,4793606723
3956837433,2510178107
3956837433,4763882843
3956837433,2880745586
3956837433,4752271283
3956837433,4273427015
3956837433,2540062825
3956837433,3299270150
3956837433,4754138206
3956837433,4795438277
3956837433,2462831052
3956837433,4626982955
3956837433,4795326796
3956837433,4782320254
3956837433,4172083479
3956837433,4765428929
3956837433,4749705258
3956837433,2838703729
3956837433,4725664095
3956837433,4798893111
3956837433,4722879616
3956837433,4404449254
3956837433,1323977642
3956837433,4447677621
3956837433,4312796114
3956837433,2885344009
3956837433,2827706488
3956837433,2158640006
3956837433,4782710656
3956837433,470072149
3956837433,2616713792
3956837433,4810142638
3956837433,4797162915
3956837433,2778685903
3956837433,2288612417
3956837433,3958350496
3956837433,400804569
3956837433,3963853936
3956837433,575851104
3956837433,3197060892
3956837433,4797962897
3956837433,706995024
3956837433,3811026740
3956837433,4653146835
3956837433,4630501165
3956837433,4766568101
3956837433,4118192127
3956837433,4396235507
3956837433,4394589040
3956837433,4706621961
3956837433,2857717890
3956837433,4634451987
3956837433,4745857035
3956837433,4802382695
3956837433,4806440537
3956837433,4805647703
3956837433,1630396956
3956837433,4501165095
3956837433,577103856
3956837433,4250540711
3956837433,2337144960
3956837433,4550702488
3956837433,3061882687
3956837433,3148168938
3956837433,4340921355
3956837433,221124652
3956837433,4194415829
3956837433,3225096768
3956837433,4014737721
3956837433,4810332556
3956837433,3903061334
3956837433,4631835749
3956837433,4783395574
3956837433,4210234553
3956837433,4804292776
3956837433,3317061780
3956837433,3845085737
3956837433,265602543
3956837433,3545375052
3956837433,4716079473
3956837433,4628958437
3956837433,236737863
3956837433,4716788900
3956837433,4413631707
3956837433,3290729724
3956837433,3607178833
3956837433,4371565575
3956837433,3287436925
3956837433,4811420271
3956837433,4273606282
3956837433,2879884615
3956837433,429045354
3956837433,4704572013
3956837433,2975191622
3956837433,4746114916
3956837433,2866748160
3956837433,321312438
3956837433,116273000
3956837433,4080929594
3956837433,2991358933
3956837433,4811182768
3956837433,4428931889
3956837433,2664698224
3956837433,3273736015
3956837433,2518556936
3956837433,4816418776
3956837433,4632920655
3956837433,2325267336
3956837433,2758097377
3956837433,2438135163
3956837433,4792232369
3956837433,2937226916
3956837433,3170633305
3956837433,4456104735
3956837433,386678085
3956837433,4364793279
3956837433,4737194665
3956837433,1071097476
3956837433,4765157825
3956837433,3190988965
3956837433,4782342455
3956837433,529412597
3956837433,4780963103
3956837433,4723966468
3956837433,4627976955
3956837433,420466513
3956837433,69755180
3956837433,3971687855
3956837433,2919453667
3956837433,3025233243
3956837433,304556289
3956837433,1880584320
3956837433,3520057935
3956837433,2426788591
3956837433,502751798
3956837433,4491272975
3956837433,4520568029
3956837433,4010342493
3956837433,4157079064
3956837433,3184408178
3956837433,4766634863
3956837433,3139026646
3956837433,389660445
3956837433,4690647762
3956837433,4723673428
3956837433,3160211426
3956837433,3434603039
3956837433,4399101014
3956837433,3092844916
3956837433,4348044861
3956837433,4749200996
3956837433,4227090987
3956837433,4785359981
3956837433,4646259436
3956837433,4610485453
3956837433,333592497
3956837433,1861840992
3956837433,4708962722
3956837433,2389586178
3956837433,4770619053
3956837433,3062961426
3956837433,4222559595
3956837433,4524498435
3956837433,4643986407
3956837433,507808533
3956837433,1859846929
3956837433,4689100951
3956837433,4169214760
3956837433,3502649301
3956837433,2835244904
3956837433,4785483135
3956837433,2635372961
3956837433,4629975675
3956837433,4727008721
3956837433,3297559257
3956837433,4694691800
3956837433,4774782813
3956837433,2156099097
3956837433,1121513244
3956837433,1663844444
3956837433,4793785216
3956837433,4785462747
3956837433,4794626309
3956837433,2581105920
3956837433,4026358247
3956837433,4774159041
3956837433,4451051495
3956837433,4702311824
3956837433,4201319969
3956837433,247264064
3956837433,4750212203
3956837433,4248137433
3956837433,4791287062
3956837433,4736776655
3956837433,2893897064
3956837433,3312495901
3956837433,4790830119
3956837433,4343582003
3956837433,1020245562
3956837433,2188052400
3956837433,3235074842
3956837433,1703347548
3956837433,98376353
3956837433,3297514472
3956837433,2645027986
3956837433,4514500408
3956837433,1574206026
3956837433,4211868681
3956837433,4435595601
3956837433,4435810287
3956837433,1584327181
3956837433,2215579213
3956837433,4080152655
3956837433,4774796571
3956837433,4079609769
3956837433,4425262581
3956837433,3705758420
3956837433,3582639916
3956837433,1902631015
3956837433,2640256211
3956837433,2579275824
3956837433,3057840236
3956837433,2836795494
3956837433,4745297776
3956837433,3001732506
3956837433,1324485210
3956837433,273586734
3956837433,2286021907
3956837433,4694503112
3956837433,190519989
3956837433,2530476114
3956837433,3286269715
3956837433,3622130232
3956837433,4795165701
3956837433,3308027717
3956837433,4511184195
3956837433,4478749695
3956837433,360134791
3956837433,3070098617
3956837433,2567188366
3956837433,239908090
3956837433,2160998206
3956837433,1278808938
3956837433,4478805136
3956837433,4462816049
3956837433,3431879661
3956837433,4636513715
3956837433,2780457996
3956837433,3431116750
3956837433,2409333600
3956837433,2993346555
3956837433,2919427679
3956837433,1257383916
3956837433,1899798788
3956837433,1284506150
3956837433,922985184
3956837433,4776200776
3956837433,1346430007
3956837433,3180352401
3956837433,4758684621
3956837433,3518788396
3956837433,4792217368
3956837433,1071954612
3956837433,4754256252
3956837433,2480187193
3956837433,2228432062
3956837433,3973557561
3956837433,1157628366
3956837433,2315747803
3956837433,192024694
3956837433,2879513585
3956837433,2361136813
3956837433,2873797336
3956837433,878670067
3956837433,900435044
3956837433,590745933
3956837433,3225205123
3956837433,4414414708
3956837433,3183851269
3956837433,4697108156
3956837433,1016138101
3956837433,3365450265
3956837433,629610858
3956837433,3941338883
3956837433,2906727891
3956837433,4727540747
3956837433,239278848
3956837433,2623373627
3956837433,4794068435
3956837433,4733278529
3956837433,4760330188
3956837433,340152527
3956837433,2821350207
3956837433,1365343376
3956837433,4143350548
3956837433,3425624165
3956837433,1959813078
3956837433,3104054593
3956837433,3074225132
3956837433,3233368920
3956837433,4710197422
3956837433,4796038636
3956837433,4391557469
3956837433,28984805
3956837433,251848968
3956837433,4585873516
3956837433,86184191
3956837433,2250778708
3956837433,1412814103
3956837433,178435052
3956837433,180499608
3956837433,464551819
3956837433,4440805011
3956837433,177968469
3956837433,4805532951
3956837433,4758379395
3956837433,4635222073
3956837433,73430731
3956837433,4752058101
3956837433,4684914072
3956837433,4587356954
3956837433,4743880661
3956837433,4731837923
3956837433,4088748857
3956837433,4804554939
3956837433,3335040712
3956837433,3299381438
3956837433,1443040711
3956837433,453253188
3956837433,4103369421
3956837433,39910649
3956837433,3156876944
3956837433,4776862000
3956837433,4640723303
3956837433,1440310364
3956837433,4655699189
3956837433,3294832611
3956837433,4795878148
3956837433,3110843580
3956837433,4387062132
3956837433,4532809937
3956837433,4803183004
3956837433,1525876734
3956837433,405693215
3956837433,911890418
3956837433,1399784648
3956837433,2687977411
3956837433,2450084669
3956837433,191792525
3956837433,4796394507
3956837433,2953103414
3956837433,3321197408
3956837433,416101790
3956837433,4756324943
3956837433,3969608952
3956837433,4587155609
3956837433,4537998862
3956837433,134422318
3956837433,4784651475
3956837433,908044934
3956837433,4702797164
3956837433,2921612803
3956837433,2896299787
3956837433,3305341819
3956837433,4791107302
3956837433,360122150
3956837433,3645826752
3956837433,462788733
3956837433,1576462476
3956837433,4543766235
3956837433,3328631214
3956837433,2436710545
3956837433,3069472121
3956837433,3719378427
3956837433,3017845868
3956837433,414597590
3956837433,2155395625
3956837433,3254927436
3956837433,334695951
3956837433,3059158554
3956837433,4397206164
3956837433,954869036
3956837433,3595905613
3956837433,961107470
3956837433,4446998663
3956837433,4517277075
3956837433,3304905516
3956837433,3332026401
3956837433,3345043491
3956837433,3223680529
3956837433,4550185464
3956837433,1201225908
3956837433,4507044381
3956837433,3194309895
3956837433,4508221467
3956837433,2468085457
3956837433,3190865599
3956837433,4542244815
3956837433,4499713521
3956837433,558405887
3956837433,3314701774
3956837433,3437438560
3956837433,275553552
3956837433,3125244513
3956837433,3304074290
3956837433,3105024730
3956837433,3243937779
3956837433,4590592103
3956837433,3279015524
3956837433,4338927612
3956837433,2245209268
3956837433,4526759963
3956837433,4553772802
3956837433,2913766814
3956837433,1252122278
3956837433,4041340546
3956837433,584862146
3956837433,2596445822
3956837433,4309918275
3956837433,568406733
3956837433,4288861994
3956837433,3543585497
3956837433,4274091432
3956837433,528897326
3956837433,1595496386
3956837433,4574519722
3956837433,1611284442
3956837433,3474237434
3956837433,3261764682
3956837433,1206868794
3956837433,2645600303
3956837433,2478412388
3956837433,2338840975
3956837433,4628355198
3956837433,2176865631
3956837433,3976566509
3956837433,2925336610
3956837433,4567040375
3956837433,2896839141
3956837433,4631390300
3956837433,4591491693
3956837433,4364338815
3956837433,3350595821
3956837433,2897549496
3956837433,4329339072
3956837433,3285282922
3956837433,3276893960
3956837433,4666677871
3956837433,1222113385
3956837433,4615469117
3956837433,4601934382
3956837433,2344664051
3956837433,3606610393
3956837433,3342353536
3956837433,3186302250
3956837433,2400668724
3956837433,4431505455
3956837433,237479477
3956837433,4661117114
3956837433,4646217198
3956837433,4671979484
3956837433,4606598721
3956837433,3129326392
3956837433,4584863183
3956837433,3296756761
3956837433,4380490577
3956837433,4511277520
3956837433,4608979355
3956837433,4181097839
3956837433,4601794769
3956837433,3312736411
3956837433,4081831595
3956837433,2848945541
3956837433,2434917786
3956837433,4187414451
3956837433,304309190
3956837433,4639338994
3956837433,3294254206
3956837433,4639103363
3956837433,4613901934
3956837433,228388110
3956837433,4701701504
3956837433,4693048704
3956837433,2463858414
3956837433,4557984132
3956837433,4183676355
3956837433,3442104016
3956837433,3524600056
3956837433,3433358599
3956837433,3935010619
3956837433,3688855099
3956837433,1391056417
3956837433,4655395293
3956837433,2264998873
3956837433,4416707775
3956837433,4703972960
3956837433,4656240604
3956837433,3167941189
3956837433,3215358951
3956837433,4687598874
3956837433,4675589185
3956837433,4645435300
3956837433,3943194135
3956837433,4691384509
3956837433,331620114
3956837433,4437389789
3956837433,2939580613
3956837433,4573546277
3956837433,4662980423
3956837433,4699944744
3956837433,4663183582
3956837433,4657560263
3956837433,2374732713
3956837433,3060778682
3956837433,4654821506
3956837433,2694384510
3956837433,3234197379
3956837433,156969360
3956837433,3168654974
3956837433,428606011
3956837433,2777598026
3956837433,2268110735
3956837433,4130787257
3956837433,3437549560
3956837433,3178536830
3956837433,4597791682
3956837433,4400741428
3956837433,4699378747
3956837433,4117301419
3956837433,143160395
3956837433,4745177255
3956837433,2772749126
3956837433,2341334959
3956837433,4702947606
3956837433,4629353181
3956837433,4652858902
3956837433,2333423305
3956837433,4720834029
3956837433,2327897162
3956837433,4377334693
3956837433,2411530244
3956837433,4645311915
3956837433,4463159833
3956837433,86403127
3956837433,4735764813
3956837433,4723654833
3956837433,1627875151
3956837433,2503395522
3956837433,3064613915
3956837433,1596174338
3956837433,203235255
3956837433,4752835456
3956837433,4695948458
3956837433,4731462807
3956837433,4791833955
3956837433,4745915860
3956837433,3706486632
3956837433,1615089708
3956837433,4770488553
3956837433,3136447866
3956837433,107987513
3956837433,2583571200
3956837433,3401904506
3956837433,2428394743
3956837433,3741727402
3956837433,3274914181
3956837433,4273982832
3956837433,4448080692
3956837433,4745942429
3956837433,172804612
3956837433,4785357688
3956837433,4747723345
3956837433,1610732305
3956837433,2852389054
3956837433,4742049037
3956837433,4707688883
3956837433,3975620059
3956837433,3124191586
3956837433,240334221
3956837433,2195332273
3956837433,2703219560
3956837433,4768989377
3956837433,4745870121
3956837433,4771044813
3956837433,2508476058
3956837433,4788248487
3956837433,3237351553
3956837433,4752762687
3956837433,1420282472
3956837433,4755515986
3956837433,4342645527
3956837433,540602143
3956837433,3107100030
3956837433,2800287885
3956837433,4786035929
3956837433,4785978808
3956837433,4786023856
3956837433,3178372797
3956837433,4744193302
3956837433,128828537
3956837433,221849378
3956837433,147714356
3956837433,4564202741
3956837433,2499909400
3956837433,4131666945
3956837433,3231418195
3956837433,4439418327
3956837433,4466512462
3956837433,2895216830
3956837433,3955395507
3956837433,4499446215
3956837433,4640679927
3956837433,4707018473
3956837433,2992192814
3956837433,3342393929
3956837433,4701467895
3956837433,4626325095
3956837433,2213268449
3956837433,4570684953
3956837433,4312997355
3956837433,3954529641
3956837433,4698359922
3956837433,4265449167
3956837433,3096624602
3956837433,2229989258
3956837433,3233946068
3956837433,4369720997
3956837433,2527384969
3956837433,3499495940
3956837433,2219391913
3956837433,3372762664
3956837433,2827737669
3956837433,4640939775
3956837433,4352998637
3956837433,2840447618
3956837433,313213074
3956837433,3222918162
3956837433,967697006
3956837433,3357952754
3956837433,4598356995
3956837433,4416220713
3956837433,4372976849
3956837433,283057783
3956837433,4135700074
3956837433,4171210935
3956837433,3279588662
3956837433,2838384823
3956837433,382527275
3956837433,2259475687
3956837433,3330130492
3956837433,3193778466
3956837433,4723255229
3956837433,2786715774
3956837433,4736816955
3956837433,21645908
3956837433,2523479125
3956837433,3373153996
3956837433,1477632000
3956837433,820943658
3956837433,227423290
3956837433,4448703999
3956837433,4724425389
3956837433,2926441171
3956837433,4726131989
3956837433,2826523255
3956837433,2249018715
3956837433,4527935189
3956837433,4635099315
3956837433,3368512093
3956837433,4701515672
3956837433,377671745
3956837433,3297256350
3956837433,2867482160
3956837433,4062390497
3956837433,4371641115
3956837433,4550416648
3956837433,4722969687
3956837433,4383303376
3956837433,2761570142
3956837433,2453209921
3956837433,2205446203
3956837433,4614160456
3956837433,4663023192
3956837433,3237088676
3956837433,284188758
3956837433,3655891039
3956837433,3460070232
3956837433,4611218955
3956837433,308463557
3956837433,4555502537
3956837433,1977284804
3956837433,4756487385
3956837433,4754516075
3956837433,341370019
3956837433,4755884488
3956837433,4644862398
3956837433,4732039168
3956837433,4548872477
3956837433,4705053793
3956837433,4514368053
3956837433,4587558556
3956837433,4501710563
3956837433,2701868275
3956837433,4760652256
3956837433,2258056537
3956837433,2737477199
3956837433,3305436495
3956837433,4752329801
3956837433,4493563817
3956837433,4755415695
3956837433,1153734806
3956837433,148610936
3956837433,4763848517
3956837433,4641972761
3956837433,3231924277
3956837433,4642076793
3956837433,2169207040
3956837433,264721673
3956837433,4379858475
3956837433,4620685829
3956837433,2614545703
3956837433,4738350740
3956837433,1551581347
3956837433,4718117325
3956837433,3523589781
3956837433,2750214636
3956837433,1112918316
3956837433,4262280503
3956837433,3289453980
3956837433,4765414155
3956837433,2988419886
3956837433,4118303435
3956837433,130112917
3956837433,4614766055
3956837433,2523536319
3956837433,3448637073
3956837433,4701659965
3956837433,4368166457
3956837433,4657997847
3956837433,3161537916
3956837433,2977074013
3956837433,4630912095
3956837433,4724339296
3956837433,4648946422
3956837433,372718382
3956837433,4743521892
3956837433,236469930
3956837433,2813216317
3956837433,1912991233
3956837433,4642172781
3956837433,4766860703
3956837433,4753735937
3956837433,3368483052
3956837433,4725974471
3956837433,2182645069
3956837433,4278983897
3956837433,97942851
3956837433,4696348891
3956837433,4776783802
3956837433,4505331857
3956837433,4621978161
3956837433,4135731453
3956837433,4737396732
3956837433,3920329274
3956837433,4745001761
3956837433,780156313
3956837433,4331764420
3956837433,518473028
3956837433,1383141722
3956837433,4173898762
3956837433,18839495
3956837433,902434376
3956837433,3692082852
3956837433,3099582433
3956837433,2473660447
3956837433,2615717544
3956837433,4522686881
3956837433,4772255853
3956837433,1935713767
3956837433,3672297313
3956837433,4353799395
3956837433,3961833315
3956837433,2962145334
3956837433,1492460840
3956837433,2911514936
3956837433,457692867
3956837433,4345563323
3956837433,4734470248
3956837433,2788248529
3956837433,2756017957
3956837433,349879842
3956837433,2749014654
3956837433,4772412495
3956837433,346597525
3956837433,2997424476
3956837433,4199262873
3956837433,1574623116
3956837433,4296383655
3956837433,3057132468
3956837433,4596644775
3956837433,2439685018
3956837433,4754725180
3956837433,4690091293
3956837433,3646601060
3956837433,2817710114
3956837433,3896628916
3956837433,4695543362
3956837433,4079417480
3956837433,1436255989
3956837433,2231640397
3956837433,432181136
3956837433,4249859003
3956837433,4784034358
3956837433,4081004295
3956837433,4504598476
3956837433,2608418515
3956837433,4762322435
3956837433,350153372
3956837433,4784525555
3956837433,3244791727
3956837433,4250888092
3956837433,2913319213
3956837433,1253680872
3956837433,2908571525
3956837433,4772853232
3956837433,536517872
3956837433,3993685349
3956837433,4524310485
3956837433,4651424248
3956837433,4756600701
3956837433,3138197215
3956837433,2615313493
3956837433,412432094
3956837433,1397865481
3956837433,889601168
3956837433,4437354317
3956837433,146367216
3956837433,3139364348
3956837433,3145747675
3956837433,3255954222
3956837433,82463403
3956837433,3002928629
3956837433,2976134948
3956837433,3277434002
3956837433,49812594
3956837433,3187673580
3956837433,2915547224
3956837433,914028247
3956837433,86484801
3956837433,3235326474
3956837433,2293654438
3956837433,368907552
3956837433,144418981
3956837433,3141349591
3956837433,3997081732
3956837433,4024047310
3956837433,3379583414
3956837433,3960179354
3956837433,1423790785
3956837433,3666823333
3956837433,2769772207
3956837433,4024032515
3956837433,4023744137
3956837433,2793008258
3956837433,379075721
3956837433,3336863596
3956837433,3094903547
3956837433,4198400295
3956837433,3096476732
3956837433,2868471793
3956837433,4177952061
3956837433,155850072
3956837433,4080473842
3956837433,4193320780
3956837433,3717283692
3956837433,4195991272
3956837433,4196390195
3956837433,4186702222
3956837433,2584091658
3956837433,4194296549
3956837433,4166975723
3956837433,4168860553
3956837433,2927831185
3956837433,2517394584
3956837433,4187271047
3956837433,4142718508
3956837433,2879789728
3956837433,4242591014
3956837433,3299283073
3956837433,2597199162
3956837433,4161057453
3956837433,4202214793
3956837433,3234918596
3956837433,4025314216
3956837433,4157847995
3956837433,2415760394
3956837433,4204791253
3956837433,4180753036
3956837433,4162384163
3956837433,4164897329
3956837433,3861023894
3956837433,3379306340
3956837433,3458949434
3956837433,4179623681
3956837433,1394315438
3956837433,2942966335
3956837433,735314581
3956837433,85841407
3956837433,3735003733
3956837433,4103051861
3956837433,2916868554
3956837433,1153774056
3956837433,456929985
3956837433,3916048035
3956837433,3382148032
3956837433,3223612140
3956837433,4184830714
3956837433,4195231241
3956837433,4204395317
3956837433,2423565882
3956837433,3287107320
3956837433,4204069233
3956837433,4204439177
3956837433,4173849178
3956837433,431758023
3956837433,4203569841
3956837433,3396987747
3956837433,2966884616
3956837433,3898091639
3956837433,3295542646
3956837433,3266161548
3956837433,3999424403
3956837433,2555572452
3956837433,4245319639
3956837433,4203776043
3956837433,2333090089
3956837433,4084673475
3956837433,2840003142
3956837433,3245498017
3956837433,3568568239
3956837433,2715350491
3956837433,2277794502
3956837433,4203879615
3956837433,3027916882
3956837433,4180389543
3956837433,481337721
3956837433,4131865401
3956837433,4083802240
3956837433,4203096359
3956837433,4204225829
3956837433,3101967966
3956837433,3297510672
3956837433,215730054
3956837433,747099301
3956837433,393418746
3956837433,4189313799
3956837433,4165303041
3956837433,3009224106
3956837433,4226219718
3956837433,4203993039
3956837433,595396851
3956837433,4202886023
3956837433,4195581689
3956837433,2834402444
3956837433,4203170009
3956837433,1655336461
3956837433,3052338042
3956837433,4204237673
3956837433,4259210474
3956837433,4195579889
3956837433,4204269556
3956837433,4203728661
3956837433,3873374543
3956837433,4190044398
3956837433,3320962074
3956837433,2936901930
3956837433,2884500486
3956837433,4117165995
3956837433,383848836
3956837433,101521793
3956837433,2407204627
3956837433,4211302214
3956837433,3841098627
3956837433,2985340050
3956837433,2814551550
3956837433,3279835759
3956837433,4203367101
3956837433,3432535641
3956837433,4202965272
3956837433,2367563137
3956837433,3035914680
3956837433,3237343354
3956837433,2972444964
3956837433,4244828954
3956837433,4256016973
3956837433,3222215718
3956837433,3407075292
3956837433,3673794914
3956837433,146483412
3956837433,4202877855
3956837433,2851556340
3956837433,2767275254
3956837433,4203450929
3956837433,4188421293
3956837433,4172811934
3956837433,2841457208
3956837433,4203479068
3956837433,4149868337
3956837433,4165172482
3956837433,3919594396
3956837433,4259336172
3956837433,3282958566
3956837433,2944970250
3956837433,3324814724
3956837433,4190434509
3956837433,3999316402
3956837433,4091998342
3956837433,4233378733
3956837433,3552332232
3956837433,4203488434
3956837433,234200641
3956837433,3260097570
3956837433,1291749470
3956837433,457470293
3956837433,4201599022
3956837433,4198860963
3956837433,4195544842
3956837433,3162887480
3956837433,4009854370
3956837433,2868714950
3956837433,1733734092
3956837433,300886017
3956837433,4070352853
3956837433,4258346292
3956837433,4203198028
3956837433,4258865959
3956837433,3844042035
3956837433,4054347387
3956837433,3490921460
3956837433,916626300
3956837433,3125986230
3956837433,2310429127
3956837433,4202728727
3956837433,4011403719
3956837433,3267898190
3956837433,3153368767
3956837433,3233548801
3956837433,3300287112
3956837433,4202706544
3956837433,4136809559
3956837433,278594593
3956837433,3061039845
3956837433,2417826175
3956837433,3920912500
3956837433,3870229456
3956837433,2321722026
3956837433,4044154577
3956837433,314599637
3956837433,3080070290
3956837433,4110401836
3956837433,3413397112
3956837433,2921379161
3956837433,4186191797
3956837433,147980992
3956837433,2487216270
3956837433,4149773734
3956837433,4198806543
3956837433,115658515
3956837433,4228930034
3956837433,3646510154
3956837433,2890685017
3956837433,4202589915
3956837433,4192174821
3956837433,397214632
3956837433,4093217952
3956837433,3312104354
3956837433,4072595662
3956837433,2926911955
3956837433,3302356442
3956837433,2163075278
3956837433,3263224165
3956837433,4163146636
3956837433,3271251576
3956837433,4194286761
3956837433,3140549305
3956837433,2417051359
3956837433,79675081
3956837433,2392581392
3956837433,4149294616
3956837433,1437811082
3956837433,3314082677
3956837433,4080508221
3956837433,4095307697
3956837433,443551305
3956837433,3072783085
3956837433,355688635
3956837433,4148896456
3956837433,4202411849
3956837433,3930157521
3956837433,4157508143
3956837433,3569128093
3956837433,3237159492
3956837433,3011495292
3956837433,1438112185
3956837433,4015704987
3956837433,4172316016
3956837433,145906763
3956837433,3992910556
3956837433,516205420
3956837433,129769917
3956837433,4164796095
3956837433,4202418855
3956837433,3269239597
3956837433,547082670
3956837433,4178795104
3956837433,4193640731
3956837433,398696833
3956837433,3681895032
3956837433,3877202173
3956837433,3938433929
3956837433,4003431796
3956837433,3958689563
3956837433,4124421736
3956837433,4143512757
3956837433,2712139608
3956837433,4195989389
3956837433,1681969417
3956837433,4187710289
3956837433,3942334450
3956837433,4202454801
3956837433,2239716365
3956837433,2170128931
3956837433,4202220166
3956837433,2190880687
3956837433,3739474099
3956837433,529264207
3956837433,4113015357
3956837433,3943858576
3956837433,3111533558
3956837433,4186891102
3956837433,282010406
3956837433,2877530205
3956837433,4202400423
3956837433,4185283649
3956837433,4202143827
3956837433,474494636
3956837433,4092866692
3956837433,2843492646
3956837433,4202596516
3956837433,3290115673
3956837433,1237769682
3956837433,3018300248
3956837433,3617717173
3956837433,3196028538
3956837433,4257311118
3956837433,4199830469
3956837433,2451808500
3956837433,567583980
3956837433,4007931701
3956837433,3193245013
3956837433,1097785788
3956837433,149672166
3956837433,3490785199
3956837433,4010076376
3956837433,2442393388
3956837433,3977649802
3956837433,3247942548
3956837433,2546950035
3956837433,368420249
3956837433,3980676627
3956837433,301412339
3956837433,4004049075
3956837433,1745502498
3956837433,4006405605
3956837433,4025492596
3956837433,738234302
3956837433,586087919
3956837433,3956341637
3956837433,3366332639
3956837433,4031504098
3956837433,3856505783
3956837433,2521437222
3956837433,56744711
3956837433,359506633
3956837433,4009486463
3956837433,2925242622
3956837433,1409724414
3956837433,3777061940
3956837433,4030859601
3956837433,2933810035
3956837433,3466232476
3956837433,355619201
3956837433,3322348170
3956837433,2539119999
3956837433,3713669952
3956837433,4037037436
3956837433,3500645113
3956837433,3248470162
3956837433,3727294161
3956837433,3324513116
3956837433,3862695681
3956837433,2905109373
3956837433,865959084
3956837433,3034621878
3956837433,4024161861
3956837433,2851941802
3956837433,4037636777
3956837433,4023347884
3956837433,2573503424
3956837433,3346331532
3956837433,4021258217
3956837433,4022544375
3956837433,2433855578
3956837433,3117861498
3956837433,4037399531
3956837433,4037382977
3956837433,313821426
3956837433,2803969608
3956837433,3300712686
3956837433,2949976772
3956837433,4037132836
3956837433,2710178329
3956837433,4024035267
3956837433,4037115857
3956837433,2922971971
3956837433,3400210318
3956837433,254090035
3956837433,3953244376
3956837433,3846356596
3956837433,4031071216
3956837433,4037429483
3956837433,4037017756
3956837433,4037084297
3956837433,1017532196
3956837433,370586144
3956837433,4038642263
3956837433,3304504044
3956837433,4037529622
3956837433,4037571383
3956837433,4038288969
3956837433,4038684975
3956837433,4011120020
3956837433,4036784062
3956837433,4037500955
3956837433,4038628768
3956837433,606889303
3956837433,3957146997
3956837433,4036907230
3956837433,2595530456
3956837433,864312607
3956837433,1174979719
3956837433,4037118393
3956837433,3257018239
3956837433,4022135957
3956837433,4037341042
3956837433,4013123953
3956837433,971540060
3956837433,4037455348
3956837433,3271291730
3956837433,3717725474
3956837433,4039036804
3956837433,3618376880
3956837433,2174539145
3956837433,4046258603
3956837433,4000683315
3956837433,4034600290
3956837433,4023941783
3956837433,521786718
3956837433,1889334078
3956837433,1192385348
3956837433,3868040353
3956837433,91280917
3956837433,1467178716
3956837433,586342132
3956837433,3300960403
3956837433,3970141353
3956837433,3222497851
3956837433,4046271047
3956837433,3183220394
3956837433,4001040501
3956837433,4033139116
3956837433,571708078
3956837433,4038493823
3956837433,384910135
3956837433,3295581264
3956837433,2256455914
3956837433,4015951756
3956837433,3979526960
3956837433,3937744576
3956837433,4034007621
3956837433,3274219968
3956837433,4002508305
3956837433,4027297371
3956837433,4032631397
3956837433,3694562060
3956837433,4036421175
3956837433,3724215740
3956837433,3172345740
3956837433,4021747137
3956837433,4038343643
3956837433,4037439495
3956837433,4031466016
3956837433,3602352134
3956837433,4031083342
3956837433,3457275314
3956837433,3439075654
3956837433,2906915490
3956837433,4066219535
3956837433,3119834732
3956837433,4060340597
3956837433,4054204395
3956837433,4034204435
3956837433,4026819981
3956837433,2857513134
3956837433,2819554639
3956837433,414680388
3956837433,3224530148
3956837433,3925892833
3956837433,3600097092
3956837433,2174147860
3956837433,1243148534
3956837433,4064451014
3956837433,3612711740
3956837433,3438199505
3956837433,3904905258
3956837433,2887959446
3956837433,4074747671
3956837433,2926629019
3956837433,3939016157
3956837433,3214546367
3956837433,3652711464
3956837433,3285709314
3956837433,3403499777
3956837433,2195748264
3956837433,1598852154
3956837433,1476156391
3956837433,2328759382
3956837433,493097369
3956837433,4060795932
3956837433,2695319100
3956837433,55848336
3956837433,3730925956
3956837433,821325289
3956837433,2878499461
3956837433,3780100641
3956837433,2793462258
3956837433,3260022835
3956837433,3716183774
3956837433,3907622656
3956837433,3259273638
3956837433,1719593251
3956837433,3414122457
3956837433,2870376958
3956837433,2920048708
3956837433,3777755237
3956837433,1315371236
3956837433,333030804
3956837433,3229739183
3956837433,722528724
3956837433,262819428
3956837433,3323049665
3956837433,3254315347
3956837433,3247407642
3956837433,59785531
3956837433,3336698031
3956837433,3236210831
3956837433,61608747
3956837433,2748857001
3956837433,2323982664
3956837433,2163488558
3956837433,2191991971
3956837433,401710943
3956837433,23636912
3956837433,2199200424
3956837433,3524136133
3956837433,539644469
3956837433,243715612
3956837433,2164048153
3956837433,1473356887
3956837433,3092443319
3956837433,2655397910
3956837433,108277226
3956837433,3748395078
3956837433,2708033720
3956837433,3251527808
3956837433,287818581
3956837433,1201260547
3956837433,3287917598
3956837433,3270431035
3956837433,14640553
3956837433,2385609066
3956837433,2350808684
3956837433,2511145880
3956837433,2519451974
3956837433,3861188801
3956837433,3413984352
3956837433,2522529224
3956837433,2575641482
3956837433,3622100836
3956837433,3429981259
3956837433,3115616728
3956837433,65130553
3956837433,2412413540
3956837433,222839212
3956837433,825096013
3956837433,468725222
3956837433,1231627747
3956837433,2938672765
3956837433,3481230613
3956837433,2925347321
3956837433,3885828317
3956837433,3348387319
3956837433,3972868695
3956837433,211441405
3956837433,1352073151
3956837433,1827849505
3956837433,248906388
3956837433,708987218
3956837433,2532528289
3956837433,299926909
3956837433,1932095678
3956837433,2892094940
3956837433,3524055379
3956837433,4012315841
3956837433,4023257842
3956837433,3305030658
3956837433,4030119375
3956837433,3989867113
3956837433,3724876585
3956837433,3371904253
3956837433,3064619192
3956837433,4030810839
3956837433,1466400008
3956837433,4026920375
3956837433,3548411368
3956837433,4030713855
3956837433,492832277
3956837433,514599429
3956837433,2780540958
3956837433,3955787234
3956837433,3956422693
3956837433,3310414856
3956837433,3911551993
3956837433,3962426781
3956837433,3923574612
3956837433,3185114299
3956837433,3712659553
3956837433,3878378659
3956837433,3288709692
3956837433,3160011756
3956837433,60630907
3956837433,3303309648
3956837433,3309935426
3956837433,270011924
3956837433,2582114347
3956837433,2445069506
3956837433,3218874846
3956837433,3029321850
3956837433,806252540
3956837433,3325618920
3956837433,1634744851
3956837433,2999510384
3956837433,2361301842
3956837433,1150376528
3956837433,3277138417
3956837433,912702806
3956837433,185684244
3956837433,3303604084
3956837433,2457226499
3956837433,1239436896
3956837433,1853670805
3956837433,3324880639
3956837433,1157591702
3956837433,2917236581
3956837433,2732670062
3956837433,3295445263
3956837433,3235815235
3956837433,3264727578
3956837433,418579105
3956837433,3929573897
3956837433,104953599
3956837433,481284189
3956837433,481152975
3956837433,3048954763
3956837433,106366419
3956837433,3369885432
3956837433,3972828208
3956837433,3893815869
3956837433,2750882566
3956837433,1622270396
3956837433,3987250293
3956837433,3039865441
3956837433,2872587714
3956837433,2915595518
3956837433,176812849
3956837433,149111244
3956837433,3234793987
3956837433,3359167272
3956837433,3463067713
3956837433,2735598541
3956837433,3307906908
3956837433,3303178825
3956837433,3222997586
3956837433,3933471675
3956837433,3633911953
3956837433,1091561809
3956837433,3317445096
3956837433,1041453240
3956837433,1052586019
4758267626,2527206918
4758267626,1931038309
4758267626,1017893564
4758267626,1030711922
4758267626,742779039170068480
4758267626,1599686497
4758267626,3495099929
4758267626,2292530546
4758267626,2717357444
4758267626,328045907
4758267626,2541397107
4758267626,762673142
4758267626,1041688022
4758267626,1582397552
4758267626,1425771804
4758267626,963014634
4758267626,799573626
4758267626,3134542934
4758267626,280701704
4758267626,238475531
4758267626,110783489
4758267626,89366493
4758267626,167443298
4758267626,563625853
4758267626,2418807641
4758267626,1009593169
4758267626,437450710
4758267626,158487331
4758267626,515704183
4758267626,1182663374
4758267626,4832691448
4758267626,343627165
4758267626,627673190
4758267626,452155423
4758267626,155659213
4758267626,2641533446
4758267626,4882451353
4758267626,349730136
4758267626,988271588
4758267626,1495388202
4758267626,2852665064
4758267626,229131969
4758267626,2428827858
4758267626,1302222859
4758267626,2762272746
4758267626,1164838248
4758267626,1123599450
4758267626,994339267
4758267626,617136115
4758267626,101450100
4758267626,1106088954
4758267626,267035242
4758267626,1945815787
4758267626,1420951435
4758267626,761879918
4758267626,266353009
4758267626,1617796422
4758267626,224316073
4758267626,1627479684
4758267626,222659960
4758267626,1670650706
4758267626,2179988700
4758267626,2708504540
4758267626,2237237840
4758267626,474846847
4758267626,2906613090
4758267626,4736815568
4758267626,571964518
4758267626,1342718947
4795326796,2157260838
4795326796,702362387555475456
4795326796,745658549502631936
4795326796,702813796805562368
4795326796,129846753
4795326796,2243486128
4795326796,711540857044901889
4795326796,729284838939865090
4795326796,4488680001
4795326796,4469452817
4795326796,728091753891258368
4795326796,495008453
4795326796,2592094790
4795326796,716709912768806912
4795326796,716703481306955776
4795326796,716702945023303681
4795326796,716206270651478016
4795326796,716208257866588160
4795326796,942877014
4795326796,710124904922873856
4795326796,4795438277
4795326796,710122994098696192
4795326796,2610027806
4795326796,711211830505512961
4795326796,711208437980516352
4795326796,710120385933676544
4795326796,360109762
4795326796,2871011472
4795326796,4859540255
4795326796,930049525
4795326796,57873387
4795326796,4867002875
4795326796,4867117096
4795326796,4867088411
4795326796,4437354317
4795326796,3141349591
4795326796,531854501
4795326796,2915595518
4795326796,4838973359
4795326796,4839025367
4795326796,4594178656
4795326796,3359167272
4795326796,4835889628
4795326796,2383422008
4795326796,1216063614
4795326796,4357832056
4795326796,1397865481
4795326796,4818107471
4795326796,3427606572
4795326796,3956837433
4795326796,4786035929
4795326796,4785978808
4795326796,4818073425
4795326796,4786023856
4795326796,3904675195
4795326796,3427479732
4795326796,3463067713
4795326796,4818151283
4795326796,4818162377
4795326796,4786069001
4795326796,4818181679
4795326796,3317445096
4795326796,603872576
4795326796,986310721
4795326796,51735659
4795326796,2968583113
4795326796,2961313705
4795326796,2480226643
4795326796,2985041312
4795326796,4731078143
4795326796,14360757
4795326796,807095
4795326796,250351626
4795326796,122453931
4795326796,778131170
4795326796,3324744062
4795326796,2792526698
4795326796,2968725247
4795326796,4743474497
4795326796,1041453240
4795326796,154863622
4795326796,47720230
4795326796,63485337
4795326796,24886025
4795326796,586198217
4795326796,265483421
4795326796,1618492458
4795326796,3279977809
4795326796,141052723
4795326796,20196258
4795326796,109702885
4795326796,136361303
4795326796,17790667
4795326796,175624200
4795326796,3315813781
4795326796,19927627
4795326796,107146095
4795326796,326359913
4795326796,300392950
4795326796,2455542931
4795326796,21111883
4795326796,117652722
4795326796,27457788
4795326796,1059194370
4795326796,427475002
4795326796,10671602
4795326796,17919972
4795326796,3303293865
4795326796,48410093
4795326796,71876190
4795326796,90420314
4795326796,3671055498
4795326796,54730258
4795326796,2879658331
4795326796,23083404
4795326796,23151437
4795326796,3307906908
4795326796,145107843
4795326796,823557242
4795326796,16193578
4795326796,3197781594
4795326796,2936172974
2804671914,4562769740
2804671914,1402118041
2804671914,134701427
2804671914,709571252726267904
2804671914,71755595
2804671914,3469514779
2804671914,703727246771499008
2804671914,938887459
2804671914,2853021678
2804671914,3309408210
2804671914,713686698157166595
2804671914,733856843206823937
2804671914,1688049193
2804671914,341173385
2804671914,2979907550
2804671914,715523273568555008
2804671914,508845166
2804671914,279967425
2804671914,710077043837259776
2804671914,2388931039
2804671914,297266990
2804671914,4881452579
2804671914,4769055258
2804671914,2498960456
2804671914,2919640316
2804671914,198355370
2804671914,3897962832
2804671914,4512888253
2804671914,184830890
2804671914,2830051135
2804671914,3371718732
2804671914,303727471
2804671914,565203735
2804671914,46134061
2804671914,131796105
2804671914,68684387
2804671914,2887261489
2804671914,3777580044
2804671914,3780186319
2804671914,552883494
2804671914,2920505725
2804671914,3112264572
2804671914,573580185
2804671914,2406638864
2804671914,3300439674
2804671914,3437604858
2804671914,220035314
2804671914,1024023312
2804671914,81376907
2804671914,532241908
2804671914,3230374879
2804671914,2436459655
2804671914,3151367191
2804671914,1202700222
2804671914,561842187
2804671914,3020934385
2804671914,2363496056
2804671914,1177668452
2804671914,2173325816
2804671914,581474607
2804671914,2887005846
2804671914,570618751
2804671914,478469853
2804671914,2573776316
2804671914,3101701596
2804671914,2894367001
2804671914,2499104575
2804671914,1457071694
2804671914,1863844442
2804671914,103510804
2804671914,2885091459
2804671914,2864286584
2804671914,2624384077
2804671914,2899077211
2804671914,2188069519
2804671914,2468924257
2804671914,1685416536
2804671914,383557644
2804671914,138308264
2804671914,2264078784
2804671914,2280335136
2804671914,540045440
2804671914,121419183
2804671914,141792959
2804671914,2542882296
2804671914,428714532
2804671914,498086230
2804671914,593469417
2804671914,912996192
2804671914,145107534
2804671914,1038700573
2804671914,1028766614
2804671914,587077979
2804671914,1081789838
2804671914,560338508
2804671914,1212487860
2804671914,2580002900
